{"mw":489.920318115,"xlink":0.0,"hyd":0.6885932604,"side":0.267805791,"tg_like":-45.6303680438}